{"name": "demo-mnist-autoencoder", "image": {"format": "image", "dim": 28, "channels": {"map": {"g": 0}, "preview": {"r": 0, "g": 0, "b": 0}}}, "dataset": {"split_threshold": 0.8}, "preprocessing": {"normalization_type": "default"}, "augmentation": {"threshold": 0.2, "flip_x": false, "flip_y": false, "rotate": {"enabled": true, "degrees": 5}, "shift": {"enabled": true, "percentage": 10}}, "architecture": {"name": "cae", "filters": [32, 64], "latent_dim": 8}, "training": {"epochs": 10000, "batch_size": 1024, "optimizer": {"name": "Adam", "learning_rate": 0.001}, "loss": "MeanSquaredError"}, "inference": {"save_generated_images": false, "generate_embeddings_report": true}}